,MNI_X,MNI_Y,MNI_Z
8,-12.730574114804002,-14.4146261897583,-8.57410015683545
107,-14.0181578868802,-15.2766659768952,-8.1396501830917
146,-13.6200200497908,-16.1878687745953,-10.8283548809076
177,-15.0544338145815,-14.943000252326,-4.33897374069385
